CombinePoints25,CombinePoints250,CombineRank25,GBMPoints25,GBMPoints250,GBMRank25,LRPoints25,LRPoints250,LRRank25,RFPoints25,RFPoints250,RFRank25,round
4.1271743082509875,2.3066933240806082,7.76,4.158191243999999,2.48598349744,6.8,4.937388742158006,2.280180497369581,8.28,3.4147999999999996,2.4153200000000004,9.84,20.0
