CombinePoints25,CombinePoints250,CombineRank25,GBMPoints25,GBMPoints250,GBMRank25,LRPoints25,LRPoints250,LRRank25,RFPoints25,RFPoints250,RFRank25,round
5.647065596325121,3.261543097691036,9.64,5.757861039999999,3.2750315344,8.6,7.059582981895313,3.259641144845163,9.08,5.6724,3.42232,10.0,19.0
