GBMPoints25,GBMPoints250,GBMRank25,LRPoints25,LRPoints250,LRRank25,RFPoints25,RFPoints250,RFRank25,round
2.739763664,2.04334103164,8.28,4.068066688309505,2.052576230128523,8.0,3.2328,2.19144,7.2,12.0
