CombinePoints25,CombinePoints250,CombineRank25,GBMPoints25,GBMPoints250,GBMRank25,LRPoints25,LRPoints250,LRRank25,RFPoints25,RFPoints250,RFRank25,round
3.230742912006328,2.1225364949753422,6.92,3.431885272,2.1359520655599997,7.08,4.175845969809506,2.224381479414716,5.76,3.1496,2.20692,6.84,13.0
