CombinePoints25,CombinePoints250,CombineRank25,GBMPoints25,GBMPoints250,GBMRank25,LRPoints25,LRPoints250,LRRank25,RFPoints25,RFPoints250,RFRank25,round
5.041494093762973,3.136153574852065,10.12,5.236821568,3.184920332000001,10.12,5.0860637579896375,3.225856979740549,9.36,4.6053690918812995,3.1848460020597957,8.84,26.0
