GBMPoints25,GBMPoints250,GBMRank25,LRPoints25,LRPoints250,LRRank25,RFPoints25,RFPoints250,RFRank25,round
4.0410932,2.000845327,8.08,3.886069984,2.007297177,6.68,3.4612,2.16552,6.76,11
