CombinePoints25,CombinePoints250,CombineRank25,GBMPoints25,GBMPoints250,GBMRank25,LRPoints25,LRPoints250,LRRank25,RFPoints25,RFPoints250,RFRank25,round
3.2930248502613155,2.293587747941288,6.24,3.7003047679999996,2.0489867841409692,8.88,3.9925347446652224,2.3256250872432918,8.0,3.549166666666667,2.6793886462882095,6.208333333333333,17.0
