CombinePoints25,CombinePoints250,CombineRank25,GBMPoints25,GBMPoints250,GBMRank25,LRPoints25,LRPoints250,LRRank25,RFPoints25,RFPoints250,RFRank25,round
4.144655368693369,2.2933010948760746,9.24,3.8388961239999997,2.2850912748,8.52,4.845306487832267,2.19821723702856,8.72,3.9915999999999996,2.4861999999999997,8.56,21.0
