CombinePoints25,CombinePoints250,CombineRank25,GBMPoints25,GBMPoints250,GBMRank25,LRPoints25,LRPoints250,LRRank25,RFPoints25,RFPoints250,RFRank25,round
2.906145911657839,2.231414916366442,6.32,3.7315270080000005,2.2998845500000002,6.0,4.001563690065032,2.1171807436069305,6.24,2.9539999999999997,2.46748,7.92,22.0
