CombinePoints25,CombinePoints250,CombineRank25,GBMPoints25,GBMPoints250,GBMRank25,LRPoints25,LRPoints250,LRRank25,RFPoints25,RFPoints250,RFRank25,round
2.5316009593916036,1.6206360019425181,8.5,2.608854105555556,1.6343819587543857,7.944444444444445,3.4249917850813034,1.6052103714366397,7.947368421052632,2.4663636363636363,1.7334482758620688,7.931818181818182,18.0
