GBMPoints25,GBMPoints250,GBMRank25,LRPoints25,LRPoints250,LRRank25,RFPoints25,RFPoints250,RFRank25,round
3.4123037120000004,2.2643800814799997,7.64,4.153989783903738,2.4885857392002304,7.64,3.3136,2.3948,7.96,10.0
