CombinePoints25,CombinePoints250,CombineRank25,GBMPoints25,GBMPoints250,GBMRank25,LRPoints25,LRPoints250,LRRank25,RFPoints25,RFPoints250,RFRank25,round
3.07616127349966,2.1480839581612727,7.28,2.6822991480000002,2.1318249819599995,7.04,3.7022970637456067,2.106065037227261,7.08,3.2148000000000003,2.50464,6.32,23.0
