CombinePoints25,CombinePoints250,CombineRank25,GBMPoints25,GBMPoints250,GBMRank25,LRPoints25,LRPoints250,LRRank25,RFPoints25,RFPoints250,RFRank25,round
3.143093524852052,2.1889107093217617,6.75,3.7936782619047618,2.3012221134653466,7.523809523809524,3.8068598912803484,2.2648402504803267,8.409090909090908,2.8552631578947367,2.2436616161616163,7.7631578947368425,16.0
