CombinePoints25,CombinePoints250,CombineRank25,GBMPoints25,GBMPoints250,GBMRank25,LRPoints25,LRPoints250,LRRank25,RFPoints25,RFPoints250,RFRank25,round
5.12331766079222,2.52641851329345,8.64,5.135511768,2.5185110276000002,8.48,4.8759302872315775,2.564104434248041,8.08,5.101954863900303,2.451701196079342,8.96,27.0
