CombinePoints25,CombinePoints250,CombineRank25,GBMPoints25,GBMPoints250,GBMRank25,LRPoints25,LRPoints250,LRRank25,RFPoints25,RFPoints250,RFRank25,round
4.114632495297334,2.234812623699414,6.16,4.493498692,2.17997441532,8.52,4.51613573727908,2.344768408952041,8.24,3.9244,2.30592,7.04,25.0
