CombinePoints25,CombinePoints250,CombineRank25,GBMPoints25,GBMPoints250,GBMRank25,LRPoints25,LRPoints250,LRRank25,RFPoints25,RFPoints250,RFRank25,round
4.042043912069144,2.185892285053549,7.56,4.3360131,2.1470411091200003,7.2,4.7375317351508075,2.158017913345133,8.48,3.4676,2.4026,8.32,15.0
