CombinePoints25,CombinePoints250,CombineRank25,GBMPoints25,GBMPoints250,GBMRank25,LRPoints25,LRPoints250,LRRank25,RFPoints25,RFPoints250,RFRank25,round
3.12847400556807,2.1079805853841282,8.48,3.067238968,2.086947588,8.48,3.249110242188897,2.1716280527759237,9.2,3.2238626744726857,2.0918125980370204,10.88,28.0
