CombinePoints25,CombinePoints250,CombineRank25,GBMPoints25,GBMPoints250,GBMRank25,LRPoints25,LRPoints250,LRRank25,RFPoints25,RFPoints250,RFRank25,round
4.5082871871200005,2.323101263028,7.56,4.31913862,2.36382418436,7.0,5.742614548871437,2.414129523908242,8.44,3.4388,2.51668,6.4,24.0
