CombinePoints25,CombinePoints250,CombineRank25,GBMPoints25,GBMPoints250,GBMRank25,LRPoints25,LRPoints250,LRRank25,RFPoints25,RFPoints250,RFRank25,round
3.884064625615788,2.204597713819492,7.12,4.048221716,2.1394987178399996,6.76,4.549130394301393,2.3112431157644986,7.68,3.9827999999999997,2.37464,7.0,14.0
