mean_fit_time,std_fit_time,mean_score_time,std_score_time,param_bootstrap,param_max_depth,param_max_features,param_n_estimators,param_verbose,param_warm_start,params,split0_test_score,split1_test_score,mean_test_score,std_test_score,rank_test_score,split0_train_score,split1_train_score,mean_train_score,std_train_score
1119.593826174736,0.8794959783554077,1.493144154548645,0.08095347881317139,True,10,auto,200,3,True,"{'bootstrap': True, 'max_depth': 10, 'max_features': 'auto', 'n_estimators': 200, 'verbose': 3, 'warm_start': True}",-1.4464088302430482,-1.4447117481160827,-1.4455602891795656,0.000848541063482755,2,-1.2894076282449387,-1.3079880600673883,-1.2986978441561634,0.009290215911224808
1359.770661354065,14.857994556427002,1.1966874599456787,0.10956406593322754,True,10,auto,250,3,True,"{'bootstrap': True, 'max_depth': 10, 'max_features': 'auto', 'n_estimators': 250, 'verbose': 3, 'warm_start': True}",-1.4449849273947069,-1.4432419464622976,-1.4441134369285022,0.0008714904662046052,1,-1.2880955321321292,-1.3078223353452776,-1.2979589337387034,0.009863401606574174
