mean_fit_time,std_fit_time,mean_score_time,std_score_time,param_bootstrap,param_max_depth,param_max_features,param_n_estimators,param_verbose,param_warm_start,params,split0_test_score,split1_test_score,mean_test_score,std_test_score,rank_test_score,split0_train_score,split1_train_score,mean_train_score,std_train_score
1169.4435278177261,0.0907970666885376,1.8556385040283203,0.014035701751708984,True,10,auto,200,3,True,"{'bootstrap': True, 'max_depth': 10, 'max_features': 'auto', 'n_estimators': 200, 'verbose': 3, 'warm_start': True}",-0.8021706892989962,-0.8192103387228935,-0.8106905140109448,0.008519824711948676,2,-0.7424481055839932,-0.7518708908388878,-0.7471594982114405,0.004711392627447297
1369.3142676353455,0.12052369117736816,1.6579127311706543,5.4836273193359375e-06,True,10,auto,250,3,True,"{'bootstrap': True, 'max_depth': 10, 'max_features': 'auto', 'n_estimators': 250, 'verbose': 3, 'warm_start': True}",-0.803268500661221,-0.8169662929835149,-0.8101173968223679,0.006848896161146922,1,-0.742342526699953,-0.7464289516766229,-0.744385739188288,0.0020432124883349445
